What is the present tense conjugation of *avoir* for *je*?,J'ai
What is the present tense conjugation of *avoir* for *tu*?,Tu as
What is the present tense conjugation of *avoir* for *il* or *elle*?,Il/elle a
What is the present tense conjugation of *avoir* for *nous*?,Nous avons
What is the present tense conjugation of *avoir* for *vous*?,Vous avez
What is the present tense conjugation of *avoir* for *ils* or *elles*?,Ils/elles ont
What is the present tense conjugation of *être* for *je*?,Je suis
What is the present tense conjugation of *être* for *tu*?,Tu es
What is the present tense conjugation of *être* for *il* or *elle*?,Il/elle est
What is the present tense conjugation of *être* for *nous*?,Nous sommes
What is the present tense conjugation of *être* for *vous*?,Vous êtes
What is the present tense conjugation of *être* for *ils* or *elles*?,Ils/elles sont
Which French verb is used to express a person's age?,Avoir
Which French verb is used to state where someone or something is located?,Être
Which French verb is used to describe personal characteristics or physical traits?,Être
Which French verb is used to express possession of objects or animals?,Avoir
How does expressing age in French differ grammatically from English?,"In French, you express age by stating that you have a certain number of years (*avoir*) rather than being that age."
"How do you say ""I am hungry"" in French using an *avoir* expression?",J'ai faim.
"How do you say ""I am thirsty"" in French using an *avoir* expression?",J'ai soif.
"How do you say ""I am hot"" in French using an *avoir* expression?",J'ai chaud.
"How do you say ""I am cold"" in French using an *avoir* expression?",J'ai froid.
"How do you say ""I am afraid"" in French using an *avoir* expression?",J'ai peur.
"How do you say ""I am sleepy"" in French using an *avoir* expression?",J'ai sommeil.
"Complete the French expression for ""I am afraid"": J'ai _____",peur
"Complete the French expression for ""I am sleepy"": J'ai _____",sommeil
"Translate into French: ""I am 15 years old.""",J'ai 15 ans.
"Translate into French: ""You are 14 years old.""",Tu as 14 ans.
"Translate into French: ""He is 16 years old.""",Il a 16 ans.
"Why is the French sentence ""Je suis 15 ans"" grammatically incorrect?","Age must be expressed using *avoir* (""J'ai 15 ans"") instead of *être*."
"Translate into French: ""I have a book.""",J'ai un livre.
"Translate into French: ""You have a dog.""",Tu as un chien.
"Translate into French: ""She has a dress.""",Elle a une robe.
"Translate into French: ""We have a car.""",Nous avons une voiture.
"Translate into French using *vous*: ""You have a hat.""",Vous avez un chapeau.
"Translate into French: ""They have shoes.""",Ils ont des chaussures.
"Translate into French: ""I have a shirt.""",J'ai une chemise.
Complete the sentence with the correct verb: Tu ___ un chien.,as
Complete the sentence with the correct verb: Nous ___ une voiture.,avons
"Translate into French: ""I am Najeeb.""",Je suis Najeeb.
"Translate into French: ""You are a student.""",Tu es étudiant.
"Translate into French: ""She is French.""",Elle est française.
"Translate into French: ""We are friends.""",Nous sommes amis.
"Translate into French using *vous*: ""You are intelligent.""",Vous êtes intelligent.
"Translate into French: ""They are athletic.""",Ils sont sportifs.
"Translate into French: ""I am American.""",Je suis américain.
Complete the sentence: Elle ___ belle.,est
"Translate into French: ""I am tall.""",Je suis grand.
"Translate into French: ""She is short.""",Elle est petite.
"Translate into French: ""He is intelligent.""",Il est intelligent.
"Translate into French: ""The dress is green.""",La robe est verte.
"Translate into French: ""The shoes are blue.""",Les chaussures sont bleues.
Complete the sentence: Les chaussures ___ bleues.,sont
"Translate into French: ""I am at school.""",Je suis à l'école.
"Translate into French: ""She is at home.""",Elle est à la maison.
"Translate into French: ""The book is on the table.""",Le livre est sur la table.
"Translate into French: ""We are at the store.""",Nous sommes au magasin.
"Translate into French: ""He is at school.""",Il est à l'école.
Complete the sentence: Le livre ___ sur la table.,est
"Which verb is used in ""J'ai un chapeau"" and why?","Avoir, because the sentence indicates possession."
"Which verb is used in ""Je suis grand"" and why?","Être, because the sentence describes a physical characteristic."
Which form of *avoir* completes the sentence: Ils ___ des chaussures.,ont
Which form of *être* completes the sentence: Nous ___ au magasin.,sommes