French term: J’aime,I love
French term: J’adore,I like a lot
What is the English meaning of the phrase 'J’aime bien'?,I really like
What does 'Je n’aime pas' mean in English?,I don’t like
French term: Je déteste,I hate
The French phrase 'Je préfère' translates to: _____,I prefer
French term: Je pense que,I think that
French term: Je crois que,I believe that
French frequency word: toujours,always
What is the English meaning of 'normalement'?,normally
French frequency word: parfois,sometimes
French frequency word: rarement,rarely
The phrase 'de temps en temps' means '_____'.,from time to time
French frequency term: ne….jamais,never
French infinitive: Apprendre,to learn
French infinitive: Chercher,to look for
"According to the vocabulary list, what does 'Dessiner' mean?",to design
French infinitive: Commencer,to start
French infinitive: Étudier,to study
French infinitive: Écrire,to write
French infinitive: Lire,to read
Useful word: sans,without
School subject: la chimie,chemistry
French noun: les devoirs,homework
French noun: un rapport,a report
School facility: un gymnase,a gym
French adjective: drôle,funny
School subject: les sciences sociales,social studies
School subject: le français,French
French adjective: moderne,modern
What does 'Recevoir de bonnes notes' mean?,to get good grades
French noun: un livre,A book
French adjective: grand/e,big
French noun: un chapitre,a chapter
School subject: l'art / le dessin,art
School subject: l'histoire,history
French grammar structure: Je voudrais + infinitive,I’d like to…
French transport: une auto(mobile) / une voiture,a car
French adjective: ennuyeux/se,boring
French infinitive: Réviser,to review
School facility: la cantine,lunchroom
Useful word: surtout,especially
French noun: un essai,an essay
French phrase: Faire les devoirs,to do homework
French adjective: intéressant/e,interesting
French adjective: gentil/le,nice
French adjective: facile,easy
French grammar structure: Je vais + infinitive,I’m going to…
French transport: un bus,a bus
French transport: un vélo / une bicyclette,a bike
Useful word: parce que,because
Useful word: mais,but
French transport: une moto,a motorbike
French phrase: Ranger mon sac,to pack my bag
French adjective: petit/e,small
School facility: une salle de classe,a classroom
What does the phrase 'Il y a' mean?,There is/are....
School subject: l'espagnol,Spanish
School facility: la bibliothèque,a library
French noun: un sac,a backpack
French grammar structure: Il faut + infinitive,I have to…
French infinitive: Finir,to finish
French adjective: diffícile,difficult
School subject: l'anglais,English
French transport: un bateau,a boat
French adjective: amusant/e,fun
French noun: un examen,an exam
French noun: un quiz,a test
French transport: un camion,a truck
Useful word: avec,with
French transport: un avion,a plane
School subject: la biologie,biology
School subject: l'allemand,German
French transport: un train,a train
School subject: l'education physique sportive (EPS),P.E.